,Category,GemsICD10,GemsICD9,OriginalSurveillanceICD9,SyndromeConsensus
0,Fever,A207,0202,20.2,1.0
1,Fever,A208,0208,20.8,1.0
2,Fever,A209,0209,20.9,1.0
3,Fever,A217,0218,21.8,1.0
4,Fever,A218,0218,21.8,1.0
5,Fever,A219,0219,21.9,1.0
6,Fever,A227,0223,22.3,1.0
7,Fever,A228,0228,22.8,1.0
8,Fever,A229,0229,22.9,1.0
9,Fever,A414,0383,38.3,1.0
10,Fever,A4150,03840,38.4,1.0
11,Fever,A4159,03849,38.49,1.0
12,Fever,A4189,0388,38.8,1.0
13,Fever,A419,0389,38.9,1.0
14,Fever,B338,07989,79.89,1.0
15,Fever,B341,07989,79.89,1.0
16,Fever,B342,07989,79.89,1.0
17,Fever,B344,07989,79.89,1.0
18,Fever,B348,07989,79.89,1.0
19,Fever,B9719,07989,79.89,1.0
20,Fever,B9729,07989,79.89,1.0
21,Fever,B9789,07989,79.89,1.0
22,Fever,B9789,07999,79.99,1.0
23,Fever,R5600,78031,780.31,1.0
24,Fever,R502,78060,780.6,1.0
25,Fever,R509,78060,780.6,1.0
26,Fever,R7881,7907,790.7,1.0
27,Fever,B349,7908,790.8,1.0
28,Fever,A0100,0020,2.0,3.0
29,Fever,A011,0021,2.1,3.0
30,Fever,A012,0022,2.2,3.0
31,Fever,A013,0023,2.3,3.0
32,Fever,A014,0029,2.9,3.0
33,Fever,A021,0031,3.1,3.0
34,Fever,A230,0230,23.0,3.0
35,Fever,A231,0231,23.1,3.0
36,Fever,A232,0232,23.2,3.0
37,Fever,A233,0233,23.3,3.0
38,Fever,A238,0238,23.8,3.0
39,Fever,A239,0239,23.9,3.0
40,Fever,A240,024,24.0,3.0
41,Fever,A243,025,25.0,3.0
42,Fever,A249,025,25.0,3.0
43,Fever,A3211,0270,27.0,3.0
44,Fever,A3212,0270,27.0,3.0
45,Fever,A327,0270,27.0,3.0
46,Fever,A3281,0270,27.0,3.0
47,Fever,A3289,0270,27.0,3.0
48,Fever,A329,0270,27.0,3.0
49,Fever,A389,0341,34.1,3.0
50,Fever,A409,0380,38.0,3.0
51,Fever,A412,03810,38.1,3.0
52,Fever,A4101,03811,38.11,3.0
53,Fever,A411,03819,38.19,3.0
54,Fever,A403,0382,38.2,3.0
55,Fever,A413,03841,38.41,3.0
56,Fever,A4151,03842,38.42,3.0
57,Fever,A4152,03843,38.43,3.0
58,Fever,A4153,03844,38.44,3.0
59,Fever,B007,0545,54.5,3.0
60,Fever,A950,0600,60.0,3.0
61,Fever,A951,0601,60.1,3.0
62,Fever,A959,0609,60.9,3.0
63,Fever,A931,0660,66.0,3.0
64,Fever,A932,0661,66.1,3.0
65,Fever,A922,0662,66.2,3.0
66,Fever,A920,0663,66.3,3.0
67,Fever,A921,0663,66.3,3.0
68,Fever,A924,0663,66.3,3.0
69,Fever,A925,0663,66.3,3.0
70,Fever,A928,0663,66.3,3.0
71,Fever,A930,0663,66.3,3.0
72,Fever,B331,0663,66.3,3.0
73,Fever,A938,0668,66.8,3.0
74,Fever,A94,0669,66.9,3.0
75,Fever,B338,0782,78.2,3.0
76,Fever,A750,080,80.0,3.0
77,Fever,A752,0810,81.0,3.0
78,Fever,A751,0811,81.1,3.0
79,Fever,A753,0812,81.2,3.0
80,Fever,A759,0819,81.9,3.0
81,Fever,A778,0828,82.8,3.0
82,Fever,A799,0829,82.9,3.0
83,Fever,A78,0830,83.0,3.0
84,Fever,A790,0831,83.1,3.0
85,Fever,A791,0832,83.2,3.0
86,Fever,A7981,0838,83.8,3.0
87,Fever,A7989,0838,83.8,3.0
88,Fever,A799,0839,83.9,3.0
89,Fever,B508,0840,84.0,3.0
90,Fever,B509,0840,84.0,3.0
91,Fever,B519,0841,84.1,3.0
92,Fever,B529,0842,84.2,3.0
93,Fever,B530,0843,84.3,3.0
94,Fever,B509,0845,84.5,3.0
95,Fever,B519,0845,84.5,3.0
96,Fever,B529,0845,84.5,3.0
97,Fever,B54,0846,84.6,3.0
98,Fever,B571,0862,86.2,3.0
99,Fever,B560,0863,86.3,3.0
100,Fever,B561,0864,86.4,3.0
101,Fever,B569,0865,86.5,3.0
102,Fever,B569,0869,86.9,3.0
103,Fever,A680,0870,87.0,3.0
104,Fever,A681,0871,87.1,3.0
105,Fever,A689,0879,87.9,3.0
106,Fever,A449,0880,88.0,3.0
107,Fever,A6920,08881,88.81,3.0
108,Fever,B600,08882,88.82,3.0
109,Fever,B608,08889,88.89,3.0
110,Fever,B64,0889,88.9,3.0
111,Rash,B03,0500,50.0,1.0
112,Rash,B03,0501,50.1,1.0
113,Rash,B03,0502,50.2,1.0
114,Rash,B03,0509,50.9,1.0
115,Rash,B0803,0511,51.1,1.0
116,Rash,B010,0527,52.7,1.0
117,Rash,B0181,0527,52.7,1.0
118,Rash,B0189,0527,52.7,1.0
119,Rash,B0189,0528,52.8,1.0
120,Rash,B019,0529,52.9,1.0
121,Rash,B09,0578,57.8,1.0
122,Rash,L444,0578,57.8,1.0
123,Rash,B09,0579,57.9,1.0
124,Rash,L530,6950,695.0,1.0
125,Rash,L531,6950,695.0,1.0
126,Rash,L532,6950,695.0,1.0
127,Rash,L510,69510,695.1,1.0
128,Rash,L519,69510,695.1,1.0
129,Rash,L52,6952,695.2,1.0
130,Rash,L26,69589,695.89,1.0
131,Rash,L304,69589,695.89,1.0
132,Rash,L538,69589,695.89,1.0
133,Rash,L920,69589,695.89,1.0
134,Rash,L951,69589,695.89,1.0
135,Rash,L982,69589,695.89,1.0
136,Rash,L539,6959,695.9,1.0
137,Rash,L259,6929,692.9,2.0
138,Rash,R21,7821,782.1,2.0
139,Rash,A250,0260,26.0,3.0
140,Rash,A251,0261,26.1,3.0
141,Rash,A259,0269,26.9,3.0
142,Rash,B0802,0512,51.2,3.0
143,Rash,B0804,0519,51.9,3.0
144,Rash,B0239,05320,53.2,3.0
145,Rash,B028,05379,53.79,3.0
146,Rash,B028,0538,53.8,3.0
147,Rash,B029,0539,53.9,3.0
148,Rash,B000,0540,54.0,3.0
149,Rash,B0089,05479,54.79,3.0
150,Rash,B009,0548,54.8,3.0
151,Rash,B009,0549,54.9,3.0
152,Rash,B051,05579,55.79,3.0
153,Rash,B054,05579,55.79,3.0
154,Rash,B0589,05579,55.79,3.0
155,Rash,B0589,0558,55.8,3.0
156,Rash,B059,0559,55.9,3.0
157,Rash,B0681,05679,56.79,3.0
158,Rash,B0689,05679,56.79,3.0
159,Rash,B0689,0568,56.8,3.0
160,Rash,B069,0569,56.9,3.0
161,Rash,B083,0570,57.0,3.0
162,Rash,B084,0743,74.3,3.0
163,Rash,B081,0780,78.0,3.0
164,Rash,A770,0820,82.0,3.0
165,Rash,A791,0832,83.2,3.0
166,Rash,L710,6953,695.3,3.0
167,Rash,L711,6953,695.3,3.0
168,Rash,L718,6953,695.3,3.0
169,Rash,L930,6954,695.4,3.0
170,Rash,L932,6954,695.4,3.0
171,Gastrointestinal Upper,R1111,07882,78.82,1.0
172,Gastrointestinal Upper,K2900,53500,535.0,1.0
173,Gastrointestinal Upper,K2901,53501,535.01,1.0
174,Gastrointestinal Upper,K2960,53540,535.4,1.0
175,Gastrointestinal Upper,K2961,53541,535.41,1.0
176,Gastrointestinal Upper,K2970,53550,535.5,1.0
177,Gastrointestinal Upper,K2990,53550,535.5,1.0
178,Gastrointestinal Upper,K2971,53551,535.51,1.0
179,Gastrointestinal Upper,K2991,53551,535.51,1.0
180,Gastrointestinal Upper,K2980,53560,535.6,1.0
181,Gastrointestinal Upper,K2981,53561,535.61,1.0
182,Gastrointestinal Upper,R1110,5362,536.2,1.0
183,Gastrointestinal Upper,R112,78701,787.01,1.0
184,Gastrointestinal Upper,R110,78702,787.02,1.0
185,Gastrointestinal Upper,R1110,78703,787.03,1.0
186,Gastrointestinal Upper,R1111,78703,787.03,1.0
187,Gastrointestinal Upper,R1112,78703,787.03,1.0
188,Gastrointestinal Upper,K920,5780,578.0,2.0
189,Gastrointestinal Upper,R12,7871,787.1,2.0
190,Gastrointestinal Upper,R130,78720,787.2,2.0
191,Gastrointestinal Upper,R1310,78720,787.2,2.0
192,Gastrointestinal Upper,A050,0050,5.0,3.0
193,Hemorrhagic Illness,D691,2871,287.1,1.0
194,Hemorrhagic Illness,D692,2872,287.2,1.0
195,Hemorrhagic Illness,D698,2878,287.8,1.0
196,Hemorrhagic Illness,D699,2879,287.9,1.0
197,Hemorrhagic Illness,R710,79001,790.01,1.0
198,Hemorrhagic Illness,R791,79092,790.92,1.0
199,Hemorrhagic Illness,D688,2869,286.9,2.0
200,Hemorrhagic Illness,D689,2869,286.9,2.0
201,Hemorrhagic Illness,D6949,28730,287.3,2.0
202,Hemorrhagic Illness,D696,2875,287.5,2.0
203,Hemorrhagic Illness,R58,4590,459.0,2.0
204,Hemorrhagic Illness,K920,5780,578.0,2.0
205,Hemorrhagic Illness,K921,5781,578.1,2.0
206,Hemorrhagic Illness,K922,5789,578.9,2.0
207,Hemorrhagic Illness,R233,7827,782.7,2.0
208,Hemorrhagic Illness,R040,7847,784.7,2.0
209,Hemorrhagic Illness,R041,7848,784.8,2.0
210,Hemorrhagic Illness,R042,78630,786.3,2.0
211,Hemorrhagic Illness,R049,78630,786.3,2.0
212,Hemorrhagic Illness,A90,061,61.0,3.0
213,Hemorrhagic Illness,A980,0650,65.0,3.0
214,Hemorrhagic Illness,A981,0651,65.1,3.0
215,Hemorrhagic Illness,A982,0652,65.2,3.0
216,Hemorrhagic Illness,A988,0653,65.3,3.0
217,Hemorrhagic Illness,A91,0654,65.4,3.0
218,Hemorrhagic Illness,A920,0654,65.4,3.0
219,Hemorrhagic Illness,A988,0658,65.8,3.0
220,Hemorrhagic Illness,A99,0659,65.9,3.0
221,Hemorrhagic Illness,B303,0774,77.4,3.0
222,Hemorrhagic Illness,A985,0786,78.6,3.0
223,Hemorrhagic Illness,A960,0787,78.7,3.0
224,Hemorrhagic Illness,A961,0787,78.7,3.0
225,Hemorrhagic Illness,A968,0787,78.7,3.0
226,Hemorrhagic Illness,B508,0848,84.8,3.0
227,Hemorrhagic Illness,A270,1000,100.0,3.0
228,Hemorrhagic Illness,D593,28311,283.11,3.0
229,Neurological,A878,0478,47.8,1.0
230,Neurological,A879,0479,47.9,1.0
231,Neurological,A880,048,48.0,1.0
232,Neurological,A872,0490,49.0,1.0
233,Neurological,A86,0499,49.9,1.0
234,Neurological,A89,0499,49.9,1.0
235,Neurological,G009,3209,320.9,1.0
236,Neurological,G042,3209,320.9,1.0
237,Neurological,G02,3212,321.2,1.0
238,Neurological,G030,3220,322.0,1.0
239,Neurological,G038,3221,322.1,1.0
240,Neurological,G039,3229,322.9,1.0
241,Neurological,G0490,3239,323.9,1.0
242,Neurological,G0491,3239,323.9,1.0
243,Neurological,G9340,34830,348.3,1.0
244,Neurological,R291,7816,781.6,1.0
245,Neurological,F05,2930,293.0,2.0
246,Neurological,F05,2931,293.1,2.0
247,Neurological,G44209,30781,307.81,2.0
248,Neurological,R404,78002,780.02,2.0
249,Neurological,R400,78009,780.09,2.0
250,Neurological,R401,78009,780.09,2.0
251,Neurological,R569,78039,780.39,2.0
252,Neurological,G441,7840,784.0,2.0
253,Neurological,R51,7840,784.0,2.0
254,Neurological,R4701,7843,784.3,2.0
255,Neurological,A0221,00321,3.21,3.0
256,Neurological,A390,0360,36.0,3.0
257,Neurological,A3981,0361,36.1,3.0
258,Neurological,A394,0362,36.2,3.0
259,Neurological,A3989,03689,36.89,3.0
260,Neurological,A399,0369,36.9,3.0
261,Neurological,A870,0470,47.0,3.0
262,Neurological,A870,0471,47.1,3.0
263,Neurological,A871,0491,49.1,3.0
264,Neurological,A850,0498,49.8,3.0
265,Neurological,A851,0498,49.8,3.0
266,Neurological,A858,0498,49.8,3.0
267,Neurological,A888,0498,49.8,3.0
268,Neurological,B0111,0520,52.0,3.0
269,Neurological,B021,0530,53.0,3.0
270,Neurological,B0229,05310,53.1,3.0
271,Neurological,B004,0543,54.3,3.0
272,Neurological,B003,05472,54.72,3.0
273,Neurological,B050,0550,55.0,3.0
274,Neurological,B0600,05600,56.0,3.0
275,Neurological,B0601,05601,56.01,3.0
276,Neurological,B0609,05609,56.09,3.0
277,Neurological,A90,061,61.0,3.0
278,Neurological,A830,0620,62.0,3.0
279,Neurological,A831,0621,62.1,3.0
280,Neurological,A832,0622,62.2,3.0
281,Neurological,A833,0623,62.3,3.0
282,Neurological,A834,0624,62.4,3.0
283,Neurological,A835,0625,62.5,3.0
284,Neurological,A838,0628,62.8,3.0
285,Neurological,A839,0629,62.9,3.0
286,Neurological,A840,0630,63.0,3.0
287,Neurological,A848,0631,63.1,3.0
288,Neurological,A841,0632,63.2,3.0
289,Neurological,A848,0638,63.8,3.0
290,Neurological,A849,0639,63.9,3.0
291,Neurological,A852,064,64.0,3.0
292,Neurological,A9230,06640,66.4,3.0
293,Neurological,A829,071,71.0,3.0
294,Neurological,B261,0721,72.1,3.0
295,Neurological,B262,0722,72.2,3.0
296,Neurological,B500,0849,84.9,3.0
297,Neurological,B508,0849,84.9,3.0
298,Neurological,B510,0849,84.9,3.0
299,Neurological,B518,0849,84.9,3.0
300,Neurological,B520,0849,84.9,3.0
301,Neurological,B528,0849,84.9,3.0
302,Neurological,B571,0862,86.2,3.0
303,Neurological,B560,0863,86.3,3.0
304,Neurological,B561,0864,86.4,3.0
305,Neurological,B569,0865,86.5,3.0
306,Neurological,A5141,09181,91.81,3.0
307,Neurological,A5481,09882,98.82,3.0
308,Neurological,A2781,10081,100.81,3.0
309,Neurological,B384,1142,114.2,3.0
310,Neurological,B394,11501,115.01,3.0
311,Neurological,G02,11501,115.01,3.0
312,Neurological,B395,11511,115.11,3.0
313,Neurological,G02,11511,115.11,3.0
314,Neurological,B399,11591,115.91,3.0
315,Neurological,G02,11591,115.91,3.0
316,Neurological,B450,1175,117.5,3.0
317,Neurological,B457,1175,117.5,3.0
318,Neurological,B459,1175,117.5,3.0
319,Neurological,B582,1300,130.0,3.0
320,Neurological,G000,3200,320.0,3.0
321,Neurological,G001,3201,320.1,3.0
322,Neurological,G002,3202,320.2,3.0
323,Neurological,G003,3203,320.3,3.0
324,Neurological,G01,3207,320.7,3.0
325,Neurological,G008,32081,320.81,3.0
326,Neurological,G009,32082,320.82,3.0
327,Neurological,G008,32089,320.89,3.0
328,Neurological,B451,3210,321.0,3.0
329,Neurological,G02,3211,321.1,3.0
330,Neurological,G02,3213,321.3,3.0
331,Neurological,G02,3214,321.4,3.0
332,Neurological,G02,3218,321.8,3.0
333,Neurological,G053,3231,323.1,3.0
334,Neurological,G053,3232,323.2,3.0
335,Botulism-like,A051,0051,5.1,1.0
336,Botulism-like,G8254,34404,344.04,1.0
337,Botulism-like,G8250,34409,344.09,1.0
338,Botulism-like,G830,3442,344.2,1.0
339,Botulism-like,G8381,34489,344.89,1.0
340,Botulism-like,G8384,34489,344.89,1.0
341,Botulism-like,G8389,34489,344.89,1.0
342,Botulism-like,G839,3449,344.9,1.0
343,Botulism-like,G519,3519,351.9,1.0
344,Botulism-like,G527,3526,352.6,1.0
345,Botulism-like,G529,3529,352.9,1.0
346,Botulism-like,G610,3570,357.0,1.0
347,Botulism-like,H532,3682,368.2,1.0
348,Botulism-like,H02409,37430,374.3,1.0
349,Botulism-like,H4900,37851,378.51,1.0
350,Botulism-like,H4900,37852,378.52,1.0
351,Botulism-like,H4910,37853,378.53,1.0
352,Botulism-like,H4920,37854,378.54,1.0
353,Botulism-like,H4940,37855,378.55,1.0
354,Botulism-like,G8190,34290,342.9,2.0
355,Botulism-like,G8250,34400,344.0,2.0
356,Botulism-like,G8220,3441,344.1,2.0
357,Botulism-like,G510,3510,351.0,2.0
358,Botulism-like,G512,3518,351.8,2.0
359,Botulism-like,G514,3518,351.8,2.0
360,Botulism-like,G518,3518,351.8,2.0
361,Botulism-like,G7000,35800,358.0,2.0
362,Botulism-like,H538,3688,368.8,2.0
363,Botulism-like,H539,3689,368.9,2.0
364,Botulism-like,R4701,7843,784.3,2.0
365,Botulism-like,R130,78720,787.2,2.0
366,Botulism-like,R1310,78720,787.2,2.0
367,Botulism-like,A35,037,37.0,3.0
368,Botulism-like,G508,3508,350.8,3.0
369,Botulism-like,G509,3509,350.9,3.0
370,Botulism-like,G520,3520,352.0,3.0
371,Botulism-like,G521,3521,352.1,3.0
372,Botulism-like,G521,3522,352.2,3.0
373,Botulism-like,G522,3523,352.3,3.0
374,Botulism-like,G528,3524,352.4,3.0
375,Botulism-like,G523,3525,352.5,3.0
376,Botulism-like,H02439,37431,374.31,3.0
377,Botulism-like,H49889,37850,378.5,3.0
378,Botulism-like,H4930,37856,378.56,3.0
379,Botulism-like,K117,5277,527.7,3.0
380,Botulism-like,R682,5277,527.7,3.0
381,Sudden Death or Illness,R4020,78001,780.01,1.0
382,Sudden Death or Illness,R579,78550,785.5,1.0
383,Sudden Death or Illness,R571,78559,785.59,1.0
384,Sudden Death or Illness,R578,78559,785.59,1.0
385,Sudden Death or Illness,R99,7981,798.1,1.0
386,Sudden Death or Illness,R99,7982,798.2,1.0
387,Sudden Death or Illness,R99,7989,798.9,1.0
388,Sudden Death or Illness,R69,7999,799.9,1.0
389,Sudden Death or Illness,R99,7999,799.9,1.0
390,Sudden Death or Illness,O364XX0,65640,656.4,3.0
391,Sudden Death or Illness,O364XX0,65641,656.41,3.0
392,Sudden Death or Illness,O364XX0,65643,656.43,3.0
393,Sudden Death or Illness,P018,7618,761.8,3.0
394,Sudden Death or Illness,P84,7680,768.0,3.0
395,Sudden Death or Illness,P95,7799,779.9,3.0
396,Sudden Death or Illness,P969,7799,779.9,3.0
397,Sudden Death or Illness,R99,7980,798.0,3.0
398,Lymphadenitis,A200,0200,20.0,1.0
399,Lymphadenitis,A210,0210,21.0,1.0
400,Lymphadenitis,A211,0213,21.3,1.0
401,Lymphadenitis,B2790,075,75.0,1.0
402,Lymphadenitis,I889,2893,289.3,1.0
403,Lymphadenitis,L049,683,683.0,1.0
404,Lymphadenitis,R599,7856,785.6,1.0
405,Lymphadenitis,A250,0260,26.0,3.0
406,Lymphadenitis,A280,0272,27.2,3.0
407,Lymphadenitis,A281,0783,78.3,3.0
408,Lymphadenitis,A753,0812,81.2,3.0
409,Lymphadenitis,A771,0821,82.1,3.0
410,Lymphadenitis,A772,0822,82.2,3.0
411,Lymphadenitis,A773,0823,82.3,3.0
412,Lymphadenitis,A791,0832,83.2,3.0
413,Lymphadenitis,B550,0850,85.0,3.0
414,Lymphadenitis,B571,0862,86.2,3.0
415,Lymphadenitis,B560,0863,86.3,3.0
416,Lymphadenitis,B569,0865,86.5,3.0
417,Lymphadenitis,A449,0880,88.0,3.0
418,Lymphadenitis,A5149,0914,91.4,3.0
419,Lymphadenitis,A57,0990,99.0,3.0
420,Lymphadenitis,A55,0991,99.1,3.0
421,Lymphadenitis,B420,1171,117.1,3.0
422,Lymphadenitis,B421,1171,117.1,3.0
423,Lymphadenitis,B427,1171,117.1,3.0
424,Lymphadenitis,B429,1171,117.1,3.0
425,Lymphadenitis,B740,1250,125.0,3.0
426,Lymphadenitis,B741,1251,125.1,3.0
427,Respiratory,A202,0203,20.3,1.0
428,Respiratory,A202,0204,20.4,1.0
429,Respiratory,A202,0205,20.5,1.0
430,Respiratory,A212,0212,21.2,1.0
431,Respiratory,A221,0221,22.1,1.0
432,Respiratory,J00,460,460.0,1.0
433,Respiratory,J029,462,462.0,1.0
434,Respiratory,J0390,463,463.0,1.0
435,Respiratory,J040,46400,464.0,1.0
436,Respiratory,J050,46401,464.01,1.0
437,Respiratory,J0410,46410,464.1,1.0
438,Respiratory,J0411,46411,464.11,1.0
439,Respiratory,J042,46420,464.2,1.0
440,Respiratory,J050,46421,464.21,1.0
441,Respiratory,J0510,46430,464.3,1.0
442,Respiratory,J0511,46431,464.31,1.0
443,Respiratory,J050,4644,464.4,1.0
444,Respiratory,J0430,46450,464.5,1.0
445,Respiratory,J0431,46451,464.51,1.0
446,Respiratory,J060,4650,465.0,1.0
447,Respiratory,J069,4658,465.8,1.0
448,Respiratory,J069,4659,465.9,1.0
449,Respiratory,J209,4660,466.0,1.0
450,Respiratory,J210,46611,466.11,1.0
451,Respiratory,J218,46619,466.19,1.0
452,Respiratory,J398,4789,478.9,1.0
453,Respiratory,J399,4789,478.9,1.0
454,Respiratory,J1289,4808,480.8,1.0
455,Respiratory,J129,4809,480.9,1.0
456,Respiratory,J159,4829,482.9,1.0
457,Respiratory,J168,4838,483.8,1.0
458,Respiratory,A221,4845,484.5,1.0
459,Respiratory,J17,4848,484.8,1.0
460,Respiratory,J180,485,485.0,1.0
461,Respiratory,J189,486,486.0,1.0
462,Respiratory,J40,490,490.0,1.0
463,Respiratory,J869,5110,511.0,1.0
464,Respiratory,J941,5110,511.0,1.0
465,Respiratory,J948,5110,511.0,1.0
466,Respiratory,J949,5110,511.0,1.0
467,Respiratory,R091,5110,511.0,1.0
468,Respiratory,J90,5111,511.1,1.0
469,Respiratory,J942,5111,511.1,1.0
470,Respiratory,J850,5130,513.0,1.0
471,Respiratory,J851,5130,513.0,1.0
472,Respiratory,J852,5130,513.0,1.0
473,Respiratory,J853,5131,513.1,1.0
474,Respiratory,J810,5184,518.4,1.0
475,Respiratory,J9620,51884,518.84,1.0
476,Respiratory,J9851,5192,519.2,1.0
477,Respiratory,J9859,5193,519.3,1.0
478,Respiratory,P220,769,769.0,1.0
479,Respiratory,R069,78600,786.0,1.0
480,Respiratory,R0682,78606,786.06,1.0
481,Respiratory,R061,7861,786.1,1.0
482,Respiratory,R05,7862,786.2,1.0
483,Respiratory,R042,78630,786.3,1.0
484,Respiratory,R049,78630,786.3,1.0
485,Respiratory,R071,78652,786.52,1.0
486,Respiratory,R0781,78652,786.52,1.0
487,Respiratory,R092,7991,799.1,1.0
488,Respiratory,B2790,075,75.0,2.0
489,Respiratory,H65199,38100,381.0,2.0
490,Respiratory,H6500,38101,381.01,2.0
491,Respiratory,H65119,38103,381.03,2.0
492,Respiratory,H65119,38104,381.04,2.0
493,Respiratory,H6590,3814,381.4,2.0
494,Respiratory,H68009,38150,381.5,2.0
495,Respiratory,H68019,38151,381.51,2.0
496,Respiratory,H66009,38200,382.0,2.0
497,Respiratory,H66009,38200,382.0,2.0
498,Respiratory,H66009,38200,382.0,2.0
499,Respiratory,H66019,38201,382.01,2.0
500,Respiratory,H679,38202,382.02,2.0
501,Respiratory,H6640,3824,382.4,2.0
502,Respiratory,H6690,3829,382.9,2.0
503,Respiratory,J0100,4610,461.0,2.0
504,Respiratory,J0110,4611,461.1,2.0
505,Respiratory,J0120,4612,461.2,2.0
506,Respiratory,J0130,4613,461.3,2.0
507,Respiratory,J0140,4618,461.8,2.0
508,Respiratory,J0190,4619,461.9,2.0
509,Respiratory,J4520,49300,493.0,2.0
510,Respiratory,J4522,49301,493.01,2.0
511,Respiratory,J4521,49302,493.02,2.0
512,Respiratory,J4520,49310,493.1,2.0
513,Respiratory,J4522,49311,493.11,2.0
514,Respiratory,J4521,49312,493.12,2.0
515,Respiratory,J45909,49390,493.9,2.0
516,Respiratory,J45998,49390,493.9,2.0
517,Respiratory,J45902,49391,493.91,2.0
518,Respiratory,J45901,49392,493.92,2.0
519,Respiratory,J918,5119,511.9,2.0
520,Respiratory,J182,514,514.0,2.0
521,Respiratory,J811,514,514.0,2.0
522,Respiratory,J9811,5180,518.0,2.0
523,Respiratory,J9819,5180,518.0,2.0
524,Respiratory,J9600,51881,518.81,2.0
525,Respiratory,J9690,51881,518.81,2.0
526,Respiratory,J80,51882,518.82,2.0
527,Respiratory,R230,7825,782.5,2.0
528,Respiratory,R070,7841,784.1,2.0
529,Respiratory,R0602,78605,786.05,2.0
530,Respiratory,R062,78607,786.07,2.0
531,Respiratory,R0600,78609,786.09,2.0
532,Respiratory,R0609,78609,786.09,2.0
533,Respiratory,R063,78609,786.09,2.0
534,Respiratory,R0683,78609,786.09,2.0
535,Respiratory,R0689,78609,786.09,2.0
536,Respiratory,R079,78650,786.5,2.0
537,Respiratory,R072,78651,786.51,2.0
538,Respiratory,R0782,78659,786.59,2.0
539,Respiratory,R0789,78659,786.59,2.0
540,Respiratory,R0989,7867,786.7,2.0
541,Respiratory,R0689,7869,786.9,2.0
542,Respiratory,A0222,00322,3.22,3.0
543,Respiratory,A310,0310,31.0,3.0
544,Respiratory,A318,0318,31.8,3.0
545,Respiratory,A319,0319,31.9,3.0
546,Respiratory,A360,0320,32.0,3.0
547,Respiratory,A361,0321,32.1,3.0
548,Respiratory,A3689,0322,32.2,3.0
549,Respiratory,A362,0323,32.3,3.0
550,Respiratory,A3682,03289,32.89,3.0
551,Respiratory,A3683,03289,32.89,3.0
552,Respiratory,A3684,03289,32.89,3.0
553,Respiratory,A3689,03289,32.89,3.0
554,Respiratory,A369,0329,32.9,3.0
555,Respiratory,A3700,0330,33.0,3.0
556,Respiratory,A3710,0331,33.1,3.0
557,Respiratory,A3780,0338,33.8,3.0
558,Respiratory,A3790,0339,33.9,3.0
559,Respiratory,J020,0340,34.0,3.0
560,Respiratory,J0300,0340,34.0,3.0
561,Respiratory,B012,0521,52.1,3.0
562,Respiratory,B052,0551,55.1,3.0
563,Respiratory,B053,0552,55.2,3.0
564,Respiratory,A70,0730,73.0,3.0
565,Respiratory,J17,0730,73.0,3.0
566,Respiratory,A70,0737,73.7,3.0
567,Respiratory,A70,0738,73.8,3.0
568,Respiratory,A70,0739,73.9,3.0
569,Respiratory,B970,0790,79.0,3.0
570,Respiratory,B9712,0791,79.1,3.0
571,Respiratory,B9711,0792,79.2,3.0
572,Respiratory,B9789,0793,79.3,3.0
573,Respiratory,B974,0796,79.6,3.0
574,Respiratory,B334,07981,79.81,3.0
575,Respiratory,A545,0986,98.6,3.0
576,Respiratory,B382,1145,114.5,3.0
577,Respiratory,B389,1149,114.9,3.0
578,Respiratory,B394,11500,115.0,3.0
579,Respiratory,B392,11505,115.05,3.0
580,Respiratory,B393,11509,115.09,3.0
581,Respiratory,B395,11510,115.1,3.0
582,Respiratory,B395,11515,115.15,3.0
583,Respiratory,J17,11515,115.15,3.0
584,Respiratory,B399,11590,115.9,3.0
585,Respiratory,B399,11595,115.95,3.0
586,Respiratory,J17,11595,115.95,3.0
587,Respiratory,B399,11599,115.99,3.0
588,Respiratory,B409,1160,116.0,3.0
589,Respiratory,B410,1161,116.1,3.0
590,Respiratory,B419,1161,116.1,3.0
591,Respiratory,B420,1171,117.1,3.0
592,Respiratory,B421,1171,117.1,3.0
593,Respiratory,B427,1171,117.1,3.0
594,Respiratory,B429,1171,117.1,3.0
595,Respiratory,B449,1173,117.3,3.0
596,Respiratory,B450,1175,117.5,3.0
597,Respiratory,B457,1175,117.5,3.0
598,Respiratory,B459,1175,117.5,3.0
599,Respiratory,B583,1304,130.4,3.0
600,Respiratory,B59,1363,136.3,3.0
601,Respiratory,J120,4800,480.0,3.0
602,Respiratory,J121,4801,480.1,3.0
603,Respiratory,J122,4802,480.2,3.0
604,Respiratory,J13,481,481.0,3.0
605,Respiratory,J181,481,481.0,3.0
606,Respiratory,J150,4820,482.0,3.0
607,Respiratory,J151,4821,482.1,3.0
608,Respiratory,J14,4822,482.2,3.0
609,Respiratory,J154,48230,482.3,3.0
610,Respiratory,J154,48231,482.31,3.0
611,Respiratory,J153,48232,482.32,3.0
612,Respiratory,J154,48239,482.39,3.0
613,Respiratory,J1520,48240,482.4,3.0
614,Respiratory,J15211,48241,482.41,3.0
615,Respiratory,J1529,48249,482.49,3.0
616,Respiratory,J158,48281,482.81,3.0
617,Respiratory,J155,48282,482.82,3.0
618,Respiratory,J156,48283,482.83,3.0
619,Respiratory,A481,48284,482.84,3.0
620,Respiratory,J158,48289,482.89,3.0
621,Respiratory,J157,4830,483.0,3.0
622,Respiratory,J160,4831,483.1,3.0
623,Respiratory,B250,4841,484.1,3.0
624,Respiratory,A3791,4843,484.3,3.0
625,Respiratory,B440,4846,484.6,3.0
626,Respiratory,J17,4847,484.7,3.0
627,Respiratory,J1100,4870,487.0,3.0
628,Respiratory,J129,4870,487.0,3.0
629,Respiratory,J101,4871,487.1,3.0
630,Respiratory,J111,4871,487.1,3.0
631,Respiratory,J112,4878,487.8,3.0
632,Respiratory,J1181,4878,487.8,3.0
633,Respiratory,J1189,4878,487.8,3.0
634,Lesion,A200,0200,20,1.0
635,Lesion,A201,0201,20.1,1.0
636,Lesion,A210,0210,21,1.0
637,Lesion,A220,0220,22,1.0
638,Lesion,L0202,6800,680,1.0
639,Lesion,L0203,6800,680,1.0
640,Lesion,L0212,6801,680.1,1.0
641,Lesion,L0213,6801,680.1,1.0
642,Lesion,L02221,6802,680.2,1.0
643,Lesion,L02222,6802,680.2,1.0
644,Lesion,L02223,6802,680.2,1.0
645,Lesion,L02224,6802,680.2,1.0
646,Lesion,L02225,6802,680.2,1.0
647,Lesion,L02226,6802,680.2,1.0
648,Lesion,L02229,6802,680.2,1.0
649,Lesion,L02231,6802,680.2,1.0
650,Lesion,L02232,6802,680.2,1.0
651,Lesion,L02233,6802,680.2,1.0
652,Lesion,L02234,6802,680.2,1.0
653,Lesion,L02235,6802,680.2,1.0
654,Lesion,L02236,6802,680.2,1.0
655,Lesion,L02239,6802,680.2,1.0
656,Lesion,L02429,6803,680.3,1.0
657,Lesion,L02439,6803,680.3,1.0
658,Lesion,L02529,6804,680.4,1.0
659,Lesion,L02539,6804,680.4,1.0
660,Lesion,L0233,6805,680.5,1.0
661,Lesion,L02429,6806,680.6,1.0
662,Lesion,L02439,6806,680.6,1.0
663,Lesion,L02629,6807,680.7,1.0
664,Lesion,L02639,6807,680.7,1.0
665,Lesion,L02821,6808,680.8,1.0
666,Lesion,L02828,6808,680.8,1.0
667,Lesion,L02831,6808,680.8,1.0
668,Lesion,L02838,6808,680.8,1.0
669,Lesion,L97109,70711,707.11,1.0
670,Lesion,L97209,70712,707.12,1.0
671,Lesion,L97309,70713,707.13,1.0
672,Lesion,L97409,70714,707.14,1.0
673,Lesion,L97809,70719,707.19,1.0
674,Lesion,L0292,6809,680.9,2.0
675,Lesion,L0293,6809,680.9,2.0
676,Lesion,L03019,68100,681,2.0
677,Lesion,L03029,68100,681,2.0
678,Lesion,L03019,68101,681.01,2.0
679,Lesion,L03019,68102,681.02,2.0
680,Lesion,L03039,68111,681.11,2.0
681,Lesion,L03019,6819,681.9,2.0
682,Lesion,L03029,6819,681.9,2.0
683,Lesion,L03039,6819,681.9,2.0
684,Lesion,L03049,6819,681.9,2.0
685,Lesion,K122,6820,682,2.0
686,Lesion,L03211,6820,682,2.0
687,Lesion,L03212,6820,682,2.0
688,Lesion,L03213,6820,682,2.0
689,Lesion,L03221,6821,682.1,2.0
690,Lesion,L03222,6821,682.1,2.0
691,Lesion,L03319,6822,682.2,2.0
692,Lesion,L03329,6822,682.2,2.0
693,Lesion,L03119,6823,682.3,2.0
694,Lesion,L03129,6823,682.3,2.0
695,Lesion,L03119,6824,682.4,2.0
696,Lesion,L03129,6824,682.4,2.0
697,Lesion,L03317,6825,682.5,2.0
698,Lesion,L03119,6826,682.6,2.0
699,Lesion,L03129,6826,682.6,2.0
700,Lesion,L03119,6827,682.7,2.0
701,Lesion,L03129,6827,682.7,2.0
702,Lesion,L03811,6828,682.8,2.0
703,Lesion,L03818,6828,682.8,2.0
704,Lesion,L03891,6828,682.8,2.0
705,Lesion,L03898,6828,682.8,2.0
706,Lesion,L0390,6829,682.9,2.0
707,Lesion,L0391,6829,682.9,2.0
708,Lesion,L97909,70710,707.1,2.0
709,Lesion,L97509,70715,707.15,2.0
710,Lesion,A267,0271,27.1,3.0
711,Lesion,A268,0271,27.1,3.0
712,Lesion,A269,0271,27.1,3.0
713,Lesion,B0089,0546,54.6,3.0
714,Lesion,A753,0812,81.2,3.0
715,Lesion,A771,0821,82.1,3.0
716,Lesion,A772,0822,82.2,3.0
717,Lesion,A773,0823,82.3,3.0
718,Lesion,B551,0851,85.1,3.0
719,Lesion,B551,0852,85.2,3.0
720,Lesion,B551,0853,85.3,3.0
721,Lesion,B551,0854,85.4,3.0
722,Lesion,B552,0855,85.5,3.0
723,Lesion,B571,0862,86.2,3.0
724,Lesion,B560,0863,86.3,3.0
725,Lesion,B569,0865,86.5,3.0
726,Lesion,A512,0912,91.2,3.0
727,Lesion,A670,1030,103,3.0
728,Lesion,A679,1039,103.9,3.0
729,Lesion,B380,1140,114,3.0
730,Lesion,B420,1171,117.1,3.0
731,Lesion,B421,1171,117.1,3.0
732,Lesion,B427,1171,117.1,3.0
733,Lesion,B429,1171,117.1,3.0
734,Lesion,S20169A,9114,911.4,3.0
735,Lesion,S2096XA,9114,911.4,3.0
736,Lesion,S30860A,9114,911.4,3.0
737,Lesion,S30861A,9114,911.4,3.0
738,Lesion,S30865A,9114,911.4,3.0
739,Lesion,S30866A,9114,911.4,3.0
740,Lesion,S30867A,9114,911.4,3.0
741,Lesion,L0889,9115,911.5,3.0
742,Lesion,S2096XA,9115,911.5,3.0
743,Lesion,S40269A,9124,912.4,3.0
744,Lesion,S40869A,9124,912.4,3.0
745,Lesion,L0889,9125,912.5,3.0
746,Lesion,S40269A,9125,912.5,3.0
747,Lesion,S40869A,9125,912.5,3.0
748,Lesion,S50369A,9134,913.4,3.0
749,Lesion,S50869A,9134,913.4,3.0
750,Lesion,S60869A,9134,913.4,3.0
751,Lesion,L0889,9135,913.5,3.0
752,Lesion,S50369A,9135,913.5,3.0
753,Lesion,S50869A,9135,913.5,3.0
754,Lesion,S60869A,9135,913.5,3.0
755,Lesion,S60369A,9154,915.4,3.0
756,Lesion,S60469A,9154,915.4,3.0
757,Lesion,L0889,9155,915.5,3.0
758,Lesion,S60369A,9155,915.5,3.0
759,Lesion,S60469A,9155,915.5,3.0
760,Lesion,S70269A,9164,916.4,3.0
761,Lesion,S70369A,9164,916.4,3.0
762,Lesion,S80869A,9164,916.4,3.0
763,Lesion,S90569A,9164,916.4,3.0
764,Lesion,L0889,9165,916.5,3.0
765,Lesion,S70269A,9165,916.5,3.0
766,Lesion,S70369A,9165,916.5,3.0
767,Lesion,S80269A,9165,916.5,3.0
768,Lesion,S80869A,9165,916.5,3.0
769,Lesion,S90569A,9165,916.5,3.0
770,Lesion,S90463A,9174,917.4,3.0
771,Lesion,S90466A,9174,917.4,3.0
772,Lesion,S90869A,9174,917.4,3.0
773,Lesion,L0889,9175,917.5,3.0
774,Lesion,S90463A,9175,917.5,3.0
775,Lesion,S90466A,9175,917.5,3.0
776,Lesion,S90869A,9175,917.5,3.0
777,Lesion,S00202A,9180,918,3.0
778,Lesion,S00219A,9180,918,3.0
779,Lesion,S00259A,9180,918,3.0
780,Lesion,S00269A,9180,918,3.0
781,Lesion,T07,9194,919.4,3.0
782,Lesion,L0889,9195,919.5,3.0
783,Lesion,T07,9195,919.5,3.0
784,Gastrointestinal Lower,A054,00589,5.89,1.0
785,Gastrointestinal Lower,A058,00589,5.89,1.0
786,Gastrointestinal Lower,A059,0059,5.9,1.0
787,Gastrointestinal Lower,A048,00849,8.49,1.0
788,Gastrointestinal Lower,A049,0085,8.5,1.0
789,Gastrointestinal Lower,A0839,00869,8.69,1.0
790,Gastrointestinal Lower,A088,0088,8.8,1.0
791,Gastrointestinal Lower,A09,0090,9.0,1.0
792,Gastrointestinal Lower,A09,0091,9.1,1.0
793,Gastrointestinal Lower,A09,0092,9.2,1.0
794,Gastrointestinal Lower,A09,0093,9.3,1.0
795,Gastrointestinal Lower,A222,0222,22.2,1.0
796,Gastrointestinal Lower,K5000,5550,555.0,1.0
797,Gastrointestinal Lower,K5010,5551,555.1,1.0
798,Gastrointestinal Lower,K5080,5552,555.2,1.0
799,Gastrointestinal Lower,K521,5582,558.2,1.0
800,Gastrointestinal Lower,K523,5589,558.9,1.0
801,Gastrointestinal Lower,K5289,5589,558.9,1.0
802,Gastrointestinal Lower,K529,5589,558.9,1.0
803,Gastrointestinal Lower,K639,5699,569.9,1.0
804,Gastrointestinal Lower,R140,7873,787.3,1.0
805,Gastrointestinal Lower,R141,7873,787.3,1.0
806,Gastrointestinal Lower,R142,7873,787.3,1.0
807,Gastrointestinal Lower,R143,7873,787.3,1.0
808,Gastrointestinal Lower,K5229,78791,787.91,1.0
809,Gastrointestinal Lower,K5289,78791,787.91,1.0
810,Gastrointestinal Lower,R197,78791,787.91,1.0
811,Gastrointestinal Lower,K658,5671,567.1,2.0
812,Gastrointestinal Lower,K659,5679,567.9,2.0
813,Gastrointestinal Lower,K669,5689,568.9,2.0
814,Gastrointestinal Lower,R109,78900,789.0,2.0
815,Gastrointestinal Lower,R1011,78901,789.01,2.0
816,Gastrointestinal Lower,R1012,78902,789.02,2.0
817,Gastrointestinal Lower,R1031,78903,789.03,2.0
818,Gastrointestinal Lower,R1032,78904,789.04,2.0
819,Gastrointestinal Lower,R1033,78905,789.05,2.0
820,Gastrointestinal Lower,R1013,78906,789.06,2.0
821,Gastrointestinal Lower,R1084,78907,789.07,2.0
822,Gastrointestinal Lower,R1010,78909,789.09,2.0
823,Gastrointestinal Lower,R102,78909,789.09,2.0
824,Gastrointestinal Lower,R1030,78909,789.09,2.0
825,Gastrointestinal Lower,R10819,78960,789.6,2.0
826,Gastrointestinal Lower,R10829,78960,789.6,2.0
827,Gastrointestinal Lower,R10811,78961,789.61,2.0
828,Gastrointestinal Lower,R10821,78961,789.61,2.0
829,Gastrointestinal Lower,R10812,78962,789.62,2.0
830,Gastrointestinal Lower,R10822,78962,789.62,2.0
831,Gastrointestinal Lower,R10813,78963,789.63,2.0
832,Gastrointestinal Lower,R10823,78963,789.63,2.0
833,Gastrointestinal Lower,R10814,78964,789.64,2.0
834,Gastrointestinal Lower,R10824,78964,789.64,2.0
835,Gastrointestinal Lower,R10815,78965,789.65,2.0
836,Gastrointestinal Lower,R10825,78965,789.65,2.0
837,Gastrointestinal Lower,R10816,78966,789.66,2.0
838,Gastrointestinal Lower,R10826,78966,789.66,2.0
839,Gastrointestinal Lower,R10817,78967,789.67,2.0
840,Gastrointestinal Lower,R10827,78967,789.67,2.0
841,Gastrointestinal Lower,R10819,78969,789.69,2.0
842,Gastrointestinal Lower,R10829,78969,789.69,2.0
843,Gastrointestinal Lower,R198,7899,789.9,2.0
844,Gastrointestinal Lower,A000,0010,1.0,3.0
845,Gastrointestinal Lower,A001,0011,1.1,3.0
846,Gastrointestinal Lower,A009,0019,1.9,3.0
847,Gastrointestinal Lower,A020,0030,3.0,3.0
848,Gastrointestinal Lower,A0220,00320,3.2,3.0
849,Gastrointestinal Lower,A0229,00329,3.29,3.0
850,Gastrointestinal Lower,A028,0038,3.8,3.0
851,Gastrointestinal Lower,A029,0039,3.9,3.0
852,Gastrointestinal Lower,A030,0040,4.0,3.0
853,Gastrointestinal Lower,A031,0041,4.1,3.0
854,Gastrointestinal Lower,A032,0042,4.2,3.0
855,Gastrointestinal Lower,A033,0043,4.3,3.0
856,Gastrointestinal Lower,A038,0048,4.8,3.0
857,Gastrointestinal Lower,A039,0049,4.9,3.0
858,Gastrointestinal Lower,A052,0052,5.2,3.0
859,Gastrointestinal Lower,A058,0053,5.3,3.0
860,Gastrointestinal Lower,A053,0054,5.4,3.0
861,Gastrointestinal Lower,A055,00581,5.81,3.0
862,Gastrointestinal Lower,A060,0060,6.0,3.0
863,Gastrointestinal Lower,A0689,0068,6.8,3.0
864,Gastrointestinal Lower,A069,0069,6.9,3.0
865,Gastrointestinal Lower,A070,0070,7.0,3.0
866,Gastrointestinal Lower,A071,0071,7.1,3.0
867,Gastrointestinal Lower,A073,0072,7.2,3.0
868,Gastrointestinal Lower,A078,0073,7.3,3.0
869,Gastrointestinal Lower,A072,0074,7.4,3.0
870,Gastrointestinal Lower,A074,0075,7.5,3.0
871,Gastrointestinal Lower,A078,0078,7.8,3.0
872,Gastrointestinal Lower,A079,0079,7.9,3.0
873,Gastrointestinal Lower,A044,00800,8.0,3.0
874,Gastrointestinal Lower,A040,00801,8.01,3.0
875,Gastrointestinal Lower,A041,00802,8.02,3.0
876,Gastrointestinal Lower,A042,00803,8.03,3.0
877,Gastrointestinal Lower,A043,00804,8.04,3.0
878,Gastrointestinal Lower,A044,00809,8.09,3.0
879,Gastrointestinal Lower,A048,0081,8.1,3.0
880,Gastrointestinal Lower,A048,0082,8.2,3.0
881,Gastrointestinal Lower,A048,0083,8.3,3.0
882,Gastrointestinal Lower,A048,00841,8.41,3.0
883,Gastrointestinal Lower,A045,00843,8.43,3.0
884,Gastrointestinal Lower,A046,00844,8.44,3.0
885,Gastrointestinal Lower,A047,00845,8.45,3.0
886,Gastrointestinal Lower,A048,00846,8.46,3.0
887,Gastrointestinal Lower,A048,00847,8.47,3.0
888,Gastrointestinal Lower,A080,00861,8.61,3.0
889,Gastrointestinal Lower,A082,00862,8.62,3.0
890,Gastrointestinal Lower,A0811,00863,8.63,3.0
891,Gastrointestinal Lower,A0819,00864,8.64,3.0
892,Gastrointestinal Lower,A0831,00865,8.65,3.0
893,Gastrointestinal Lower,A0832,00866,8.66,3.0
894,Gastrointestinal Lower,A0839,00867,8.67,3.0
895,Gastrointestinal Lower,A213,0211,21.1,3.0
896,Gastrointestinal Lower,B7781,1270,127.0,3.0
897,Gastrointestinal Lower,B779,1270,127.0,3.0
898,Gastrointestinal Lower,B810,1271,127.1,3.0
899,Gastrointestinal Lower,B789,1272,127.2,3.0
900,Gastrointestinal Lower,B79,1273,127.3,3.0
901,Gastrointestinal Lower,B80,1274,127.4,3.0
902,Gastrointestinal Lower,B811,1275,127.5,3.0
903,Gastrointestinal Lower,B812,1276,127.6,3.0
904,Gastrointestinal Lower,B818,1277,127.7,3.0
905,Gastrointestinal Lower,B814,1278,127.8,3.0
906,Gastrointestinal Lower,B820,1279,127.9,3.0
907,Gastrointestinal Lower,B829,129,129.0,3.0
908,Gastrointestinal Lower,K67,5670,567.0,3.0
909,Gastrointestinal Lower,R192,7874,787.4,3.0
